site,treatment,date,species,count
S05,unrestored,2026-01-10,CABU,2
S05,unrestored,2026-01-10,CACA,1
S05,unrestored,2026-01-10,CASU,2
S05,unrestored,2026-01-10,OBSU,1
S05,unrestored,2026-01-10,SOBO,2
S07,unrestored,2026-01-17,CABU,5
S07,unrestored,2026-01-17,CACA,2
S07,unrestored,2026-01-17,CASU,2
S07,unrestored,2026-01-17,KAPR,1
S07,unrestored,2026-01-17,SOBO,3
S03,restored,2026-01-18,CACA,2
S03,restored,2026-01-18,CAGR,1
S03,restored,2026-01-18,CASU,10
S03,restored,2026-01-18,OBSU,2
S03,restored,2026-01-18,SOBO,3
S08,unrestored,2026-01-19,CABU,2
S08,unrestored,2026-01-19,CACA,1
S08,unrestored,2026-01-19,CAGR,1
S08,unrestored,2026-01-19,CASU,3
S08,unrestored,2026-01-19,KAPR,3
S08,unrestored,2026-01-19,SOBO,1
S04,restored,2026-01-22,CABU,3
S04,restored,2026-01-22,CACA,2
S04,restored,2026-01-22,CAGR,6
S04,restored,2026-01-22,CASU,3
S04,restored,2026-01-22,KAPR,2
S04,restored,2026-01-22,OBSU,2
S04,restored,2026-01-22,SOBO,3
S02,restored,2026-01-23,CABU,4
S02,restored,2026-01-23,CACA,1
S02,restored,2026-01-23,CAGR,5
S02,restored,2026-01-23,CASU,3
S02,restored,2026-01-23,KAPR,3
S02,restored,2026-01-23,OBSU,8
S02,restored,2026-01-23,SOBO,4
S06,unrestored,2026-01-25,CABU,4
S06,unrestored,2026-01-25,CASU,6
S06,unrestored,2026-01-25,OBSU,3
S06,unrestored,2026-01-25,SOBO,2
S01,restored,2026-01-26,CABU,6
S01,restored,2026-01-26,CACA,2
S01,restored,2026-01-26,CAGR,4
S01,restored,2026-01-26,CASU,10
S01,restored,2026-01-26,OBSU,5
S01,restored,2026-01-26,SOBO,7
